0,66.21313270934749,53.97282963233691,48.73351669680818,43.53112457497075,44.23129150396989,39.76228344685876,43.298365792120364,44.045931372537645,41.98775361347621,38.952160559259845,40.182866759673814,39.03730652285916,1,0
1,66.76967846561234,54.64095330088518,48.496545974525844,47.28414470612682,41.4274090474903,44.72732291779405,47.681254962770595,43.02968103592611,44.29124818593896,39.865940127843224,43.03905529871285,32.264470195043685,1,2
2,66.1882853866803,52.48281605041984,52.97572964040744,47.14082389430841,44.81420959342345,46.30842985803863,42.4134727183733,38.54266518735494,41.53428972750686,38.94373914333621,41.26467017288963,37.946920982024864,1,0
3,66.19500303417705,54.36889841402427,45.9700310410792,45.552036044182756,35.05712832574592,45.359356342702874,42.42626431644081,42.3184869926538,42.87828137514862,42.04963798441615,33.449783165928004,38.992069962087946,1,1
4,66.17129088954476,55.56557646351937,45.1867468108725,46.650134423878875,46.57711531455526,40.8923474116293,38.330343135101835,39.41829343338175,39.4721660630794,45.179727968604205,40.89963465163056,42.10995541011886,1,1
5,66.49727845044104,54.40567694702371,49.12683336614154,45.231032028271486,43.91497190153798,39.3729197475698,39.74515739272049,43.36055372603607,40.106286886601204,39.84195395854907,36.56417714247806,43.117915312322744,1,2
6,66.48227415320446,54.66192841991624,47.63647815015845,41.64907086804079,51.132260486894,45.19675000606725,43.51734266854461,39.95785935406614,44.93748728911723,43.133622608234965,38.579826234025646,32.57735288773137,1,2
7,66.64611582365029,55.30779187388467,48.27205066390637,48.930173009654915,43.953053677117026,43.809207230186864,40.227832678409946,39.71178129669978,36.33993178296437,37.30799743037716,38.59562776819428,37.24883841341076,1,1
8,66.96228633870973,54.02998303881331,48.45411700794712,43.14315813925202,46.21909268091926,45.330953671933145,48.68992602352422,35.0366700318641,42.45208234553841,36.819385456084085,40.12648983380227,37.56018059749213,1,2
9,66.45733218862598,54.46186565982997,48.6939356867604,40.11645856954313,40.93927307007335,47.198337461824664,40.48102792219308,42.330655778621214,39.47225972869041,35.50214811637307,41.60331820459544,36.193605535115374,1,2
10,66.4498245501538,55.045357854923836,49.345216524240904,48.220649142605296,41.10299458131058,45.35240771362946,43.31700386466373,37.84908448903236,41.18106873819503,39.832969077804805,40.65586353359954,39.06611105527458,1,2
11,66.18603329664963,54.733696524261646,47.86372268257843,47.741257449431494,46.523236939882295,42.6830573242635,44.459992902651706,41.68193985113264,35.244402966023415,38.739598718123176,46.23722835591988,36.652738887252205,1,0
12,65.47344430294348,55.04775749296367,46.46667967423508,44.40825522619366,47.08167086287528,41.16878607219121,45.6917948635558,42.19998431199621,36.9857735890998,37.5442824713228,42.62532601208762,41.038858743580306,1,1
13,66.9990017067572,54.03533115237217,51.025145945352335,45.932363935195795,42.12290113764709,42.16976524937478,44.93394783586868,46.103994232738685,41.29984441852514,35.9797538347196,40.69753000722131,42.6862850210195,1,2
14,66.43008605433474,54.496234474802705,43.73471318100283,38.76778725185878,43.10086650874715,36.35421479045148,32.131202916217504,48.733450798280884,41.60999609726642,44.04436206154047,41.27973789893021,35.68507692980656,1,1
15,66.1984807874756,55.01487611836863,46.760264333800826,45.223083036861695,41.989506368675826,43.023563770851254,42.45108121769736,42.81127256866722,41.849006562487226,40.509773201555575,46.50198155170161,39.48789480178218,1,2
16,66.7349663493518,53.58954639523253,49.16345334016382,48.352083989721585,41.98273330661037,45.56344035172319,42.36347237972333,43.0849829032763,41.928642013151375,41.149739896536246,41.39011403822759,41.85813250688545,1,0
17,65.90086023479083,51.9318556890166,49.74241364701116,44.87031873980689,45.60131677421965,39.85862169243572,37.41776183653425,41.448732381346794,44.44233967062432,40.356849925502495,41.84367909077588,34.60828114248742,1,2
18,66.14157700950531,55.239915562026205,48.41001458289497,41.68361999050961,43.320410046795004,46.1204362191675,40.13139883059589,43.39551059645083,43.703192766993,35.58539874655088,38.449439293517244,36.36458001312263,1,1
19,66.59812566445565,54.20823191083976,48.86792553343189,43.06467400646094,45.737050259052886,47.177882065270985,40.4525685283334,42.04858679212828,42.28493411632322,41.9442108892175,38.90987248266832,34.64878970605384,1,2
20,66.1901071601498,55.239041956816976,47.33780246422507,43.02498496276847,40.705573211736684,43.57766092456497,34.6900461278965,39.3539986711898,40.07969701877201,34.97102980203293,39.3717640981709,39.581821132492514,1,1
21,66.21527287021615,55.09298193412191,47.31565847962274,45.39321268849345,45.26350515916382,40.29843983147833,40.906764038900775,43.645642277871104,43.429707484224686,44.3205885297496,43.27864200056633,32.20336638966332,1,0
22,66.36083882921763,54.67940362859577,49.17346015476726,44.02777239584353,40.396524160149994,39.576714357294655,43.437292139271726,40.409398519575326,40.39303884330367,37.0585031865062,37.16641038389095,40.99180937965776,1,2
23,66.83818829052143,53.926875528855945,47.06577206456569,42.503920128962065,37.981262847902066,42.80426143133701,38.47705409594642,44.66186027169165,42.4442630685832,42.38436512375564,39.09441780926984,37.810867764099896,1,1
24,66.55025610300301,53.68560966408807,50.1489367421041,44.776979141994566,40.648611899494625,40.109424270251914,45.631054441063334,38.47369326204398,44.85331418346349,41.58942355792115,44.12278690646929,45.71885275710068,1,2
25,66.48015861468171,53.760528767919894,47.563003856093715,43.496189743143034,42.393776567244274,38.90576078909585,38.57782749638306,34.72032048926274,43.47836367797097,42.38721039005068,35.5461471087542,41.89201079557603,1,0
26,66.73092187070363,54.368755859888225,49.6546688489677,47.16278798229768,46.42855786048864,43.75775205843559,41.866218895575756,38.332739007792895,38.59889853222846,37.87917872445797,42.17731535609311,36.032172105256,1,1
27,66.49589462440373,53.8753834027342,48.114858998598265,44.84435946180063,45.68389933771061,42.14788966130103,42.14912731569292,39.59837669404678,39.82410953624674,42.87472123853166,44.059986182756084,40.51992468063053,1,1
28,66.42110850992663,54.732342322244904,48.07761601182884,46.16477928337379,48.50222817048318,45.6217359357365,41.838640101542204,41.974776783926295,40.34497845340345,38.46302574865064,42.22582128697431,39.63447619717198,1,0
29,66.08433683863171,53.70800034301626,48.620149855096535,44.920037517407316,44.21478462633631,41.43595498252979,38.4751332342597,44.59515965649312,41.684041213706834,41.56435198734082,40.56112448582878,34.71150570382895,1,2
30,66.5407875438695,54.92106289237819,48.04850746833631,42.85520445136287,45.01640378405583,35.523009310066655,40.733818042140825,39.5103256212937,41.55023683112431,38.396396345652235,35.915026848953154,43.98406733974483,1,1
31,66.42267981408412,54.97317495041808,47.98268760485977,47.05950621581286,47.96482961771091,45.860086642447804,40.99587474909868,42.01091240547747,41.04067887195269,43.1884273259506,39.11962408102383,40.06715811614895,1,1
32,66.6400496855179,53.79795872806507,46.791789817024956,42.35870893408109,45.33899727461828,46.64029173341673,39.52336694745757,38.76489326417723,44.568354760145915,36.892407932209935,37.468364413946134,41.29347559032112,1,1
33,66.71071350969615,55.07615210403825,48.364535146726865,42.54268265558382,39.98090984355353,40.256626824201135,43.36455045414718,37.10870490776933,34.34721693165698,39.48623314566291,32.733277457185636,38.17372185038249,1,1
34,66.21234122490314,54.83523077348768,48.68423766024786,44.29283442662319,40.84473909480724,41.46311235182472,42.03272250546015,44.47845839223811,42.907637211065506,44.188910384367276,42.040460013699175,38.987174846076236,1,1
35,66.06416983846637,55.16061500289708,47.09850580984536,47.89851904945965,36.13174745736303,42.791202838934495,37.46453353667067,41.322524619779344,38.996240739611196,38.579602688047146,39.365392851013134,41.37287559403638,1,0
36,67.37327332193011,54.254085515741245,48.82189982805512,45.85862393663236,42.948732947029264,42.54386345565517,40.161235570798496,39.36035433030537,44.999772771475364,45.50193383904168,41.360857891399796,39.43923958663085,1,0
37,66.28986179318738,54.29642151253118,46.8959001971632,42.08645664874443,39.87801389015622,36.35694845705213,45.94011566203618,42.13594625509854,43.24905526754627,38.00722233261401,35.701393847141276,38.594854389861815,1,2
38,66.6107410725642,55.721955753007876,49.65656717538402,45.6916845959299,47.525565498845054,43.965589955932494,44.65010455177591,42.390253625310905,39.718798693637616,41.09641241938235,43.18427706598344,41.02902614087525,1,1
39,66.74820186828508,54.138700351732325,44.110914566415204,41.78669482025653,43.616589156294886,40.10601835738167,40.13146324280317,35.97487431865443,38.60993689743691,40.11302301258304,38.255249837792164,37.85083976928425,1,1
40,66.85954557691055,55.02798375910412,47.364375059338066,48.92264357635264,40.68482368653813,39.49842592736849,37.90345216450078,41.512044713837554,32.79043783961183,34.434667081223296,41.27625644298052,38.3193889706078,1,1
41,66.62431963064088,55.59100765970962,49.527019966068366,44.096621829525816,43.07421984411422,43.999569354477885,41.60299866943664,41.5822393166985,38.69940191393418,38.18890698836523,35.24508777320103,38.77975941200353,1,2
42,66.13158290049789,54.42438361815862,49.18432843041582,41.43728041541053,40.7314080609371,41.667758550569246,45.08559957919064,39.298648637276365,33.95642893624155,36.3214545559148,34.62278941157164,39.480422233600486,1,1
43,66.34906156668603,54.58089377104576,49.095986886138235,46.336024008877295,40.29323328403551,40.34172739031457,43.827233752712715,40.1313861776857,39.804270372623535,40.61937019697871,37.900126369581415,38.81321580197416,1,1
44,66.19763030148668,55.73762129699555,47.60305515497228,44.51435765233033,41.798611568267695,42.52741509886394,41.303819094965355,38.085539533349056,37.38829209232843,39.316001220395826,37.332109572631886,36.2436758271188,1,2
45,66.79534422221361,54.64663561921253,49.14236570931118,43.71350679845317,42.36997888798503,39.8956741869258,40.71134440128481,42.13907081573451,41.11375372849537,34.94020909830145,33.06837662812502,40.342266339590175,1,1
46,66.98660713569161,54.5025000116241,50.00915557223137,45.29716183400233,43.57538055917998,41.25790159902256,37.16062070760164,29.732674894839885,40.012995416647826,38.55614249638905,29.7365336032179,39.11870237782364,1,1
47,66.80555651288071,55.35482357225109,50.22456055719799,44.43719005173719,45.78938726938195,37.94980118205708,45.90484498129717,41.748030699311684,37.80042837832403,42.75458657625961,44.17935547433454,39.68088493621795,1,1
48,66.60001500277392,53.89011678886544,46.40630766467702,47.298831426374164,40.3615448398205,44.993056690216434,41.475246280534925,35.74173847500372,35.737658833540934,41.06882209958553,41.27527783709069,36.72257679698482,1,1
49,66.65086768069581,55.50270060122636,47.75700103709281,47.01043850552753,41.70090465061646,45.480838859561146,41.48631677458596,38.63577825048732,38.12439693540678,39.36887884113321,36.80917885139524,41.40191012147324,1,2
50,66.28607351540379,54.913971644609575,49.43222970073932,43.289365895715264,42.01623667899217,42.817871483196065,40.36931873890901,40.22891200326309,44.20825205765743,41.14399504025587,38.84197456819038,29.625207965094916,1,1
51,66.54881720385387,55.59385850006281,46.45431149332515,44.37668468163202,43.49636376723063,44.13190439189128,33.5728424866799,34.18835291085941,38.5521687793164,39.19297964829103,37.6828772223208,44.87880593267385,1,0
52,67.0341709056906,55.396606067655014,48.56842465477656,46.26886787778599,40.770166107091505,41.28014501038044,41.45848354915016,40.45157523837514,35.0827331162523,40.26293377400205,40.713645619502785,42.13631194288114,1,1
53,65.88459942825138,55.84566998134588,49.070051170163126,43.121272484484805,44.51428989695715,41.087861813623796,36.623246843949985,40.62187002224717,37.15519324845094,39.19373642178233,36.757333780839325,41.599286881516655,1,1
54,66.8614073966382,54.93700922466667,48.378603276947175,37.93010851897451,39.60451701051274,38.322401931807285,41.95302092893587,40.97032629874532,46.41208931254176,36.09759475630864,38.771663349755045,37.2439045907231,1,0
55,66.9316732925567,54.45719041661562,47.52125684334178,45.04090347168676,42.40915703320057,44.13150742670306,39.47196163534413,38.40888459834552,33.16774569771643,34.273407493410495,37.13834920697666,37.78635070625575,1,1
56,66.59671389953982,55.29482245064606,45.91904318362883,44.500411675076734,42.885520254097536,42.47531190112939,43.297025971934254,37.46435378950865,40.116893878626605,37.28330226020874,41.53983348538374,38.82020586158248,1,1
57,67.53902955696859,53.59981610145801,49.096497720405296,43.95116374246088,43.47398283689713,37.58335373913778,40.96475614933589,41.18809155137859,37.73569481083166,40.42782630813305,42.145076630915064,39.955643386892085,1,0
58,66.8599415391108,56.3852291712267,49.965951267085465,44.047804826215575,45.339616220038764,42.74235487222447,39.990997951069765,40.14731855851736,32.04869814739576,39.8460113310041,31.708393256304703,41.10580434176386,1,1
59,66.62936082404666,55.123234538662636,48.25359555805289,44.42505820865855,39.72308034663973,43.394727502735606,39.902427777677374,33.72360245778091,42.912883324302285,36.75540898474136,32.94374380193174,32.57819264189941,1,1
60,67.05811196963496,55.501809780430385,48.79419811700308,44.89744854295117,44.099216067453824,39.56909694607047,37.795797467539394,45.55302739205156,37.77479048534889,33.25998953198351,37.20837072320988,34.44227057770518,1,1
61,66.0013116013782,55.18588579558244,48.071544451681426,45.32776043304245,42.217157687642235,40.275523810834116,42.52887067507852,42.152512277171624,42.64231936413761,34.26038614019321,47.45462116076258,36.180308470166494,1,1
62,66.43649057916917,55.00774842552694,48.837624911956,43.33019553565122,39.25217752960743,34.58877019498979,38.5639635186415,38.138171573197454,40.887300536643124,36.970373994219784,35.391059469414245,38.831915588410546,1,0
63,66.99896397719237,55.70909151351113,47.08353289158005,42.483348452468135,41.689769861944,40.976531161627676,42.401544785538036,41.97880366411087,35.12465725469055,42.214669626584225,38.37925622783899,39.63656201943724,1,1
64,67.1148323558762,55.15361263660116,48.139600529368906,40.47041176874646,44.09941031739588,41.352705792680155,39.383090812266424,43.718202044095214,34.29025873755166,36.13178963280832,40.34945331054207,41.175232754452026,1,1
65,66.71127160976914,54.869437976332094,48.84544036226225,43.406521808480406,41.95478658903791,38.546333383570335,41.22094838072168,38.44932598393401,45.93104395200606,34.912418906222,36.837896554075385,40.16246476595652,1,1
66,67.29257867542375,54.66900956122845,48.71059975010586,45.499657154163884,40.21175939684352,44.0779740422412,38.43836115193154,33.982777224116205,37.73658328883161,31.57202436004949,27.540584470462125,39.12095726437722,1,0
67,66.5547836046562,55.46893120822437,47.58215293905486,45.03544930483416,44.88901307195202,36.69504092032117,37.39658392723764,39.00353353864921,35.15206291765757,39.959990843202846,37.49317952569337,44.32851841707399,1,2
68,66.94296710055968,55.79140048221407,48.628449277030924,43.76892501122127,40.745469578038794,44.77955256806891,33.68945970085068,40.429770435592914,35.51906719080348,40.989508084096315,38.117821694358156,41.86218416846209,1,2
69,67.29431716789531,54.868218149391836,48.17838601896894,39.920126158756425,44.670257600797676,42.266643024072664,40.61286153444451,38.20972126044824,40.880102704620924,40.028603121588056,40.66311409126831,38.208953895111335,1,0
70,67.47303987182386,55.04111579631801,50.20243052659313,43.016599784477634,40.280236943030836,42.49497682984426,41.613199989399746,36.859747717355624,41.582785930690704,43.02114622011804,43.30537609678242,35.67268224089056,1,1
71,66.63345118744513,55.516372586147206,47.49576483730586,43.22742452923471,41.87728316986489,38.97956738501951,44.21348298524845,42.74739951501137,38.34435405504294,38.208936092982015,44.17323870947805,35.05100325274887,1,1
72,67.11488307212977,54.547682902976874,43.780726180459965,43.64446560348246,38.60053608965235,38.92256319681516,40.46476342267516,38.26255393377725,38.8037588297319,41.08094523537106,32.604468034532836,37.973927901599005,1,2
73,66.77879828640197,54.79522617999618,48.30251205250906,40.981115835235315,43.83976405495649,39.03131793114567,35.393120255977,33.01195853211431,36.019644837029176,31.425851920170576,35.56745204593324,42.249291175175415,1,2
74,66.85467423799297,55.110040857137854,48.74631826105742,42.49491964227892,42.46736162282956,44.82029934298279,36.772874657295475,38.45883080776316,34.0339995636089,35.11455854401717,35.212916305621135,38.02697863706098,1,1
75,67.18349125822677,55.670654752063115,48.02715677380078,43.821920560801935,43.25626727342801,39.479358211651515,37.66063432990488,44.36149395868125,39.308371356337716,38.18107546797114,40.44099790778163,39.96422229752221,1,0
76,66.80553883036062,55.36294674469804,48.339096748308215,43.26375682972548,41.25697368597185,42.81024527160829,40.66478715277613,37.53307220047172,39.64897737044062,44.67823674883266,43.15727788871331,39.20704970694303,1,2
77,67.52079132818592,55.24151513844891,48.5288054078441,44.33205633344711,45.68426589087333,34.54936671686394,39.47203237358293,42.29479320301178,39.60628742514544,38.48977915037359,42.45126379462055,38.93464080609038,1,1
78,66.09865938410273,56.33084456599605,48.14408786381104,42.99836728217135,44.428198527282625,39.693800427973606,40.93114640834779,39.80748158210463,33.11629161268847,39.08306565438475,43.930431547898316,43.46157398607064,1,0
79,66.8648851707062,53.987527731012754,48.45405891824881,44.73150663844799,41.79969456124125,36.89805235179324,38.46214068088641,37.82469755949425,40.9959294482296,39.2857594604313,35.79236076608708,39.01163044437383,1,0
80,66.55253375680013,54.53894313521314,49.641871656039555,46.12181417373979,32.635718618347056,42.36593443769327,38.711587614352936,31.337638225544467,39.42819645692501,39.642665143716435,40.88069106765078,38.40868649955228,1,0
81,66.75112469872782,56.13450850865947,48.501947546014996,41.70956202218626,39.37690704056624,37.53934227563414,44.310515408224994,35.60570832680067,32.87114272634081,37.113880968927404,32.13359294554709,33.04331950783283,1,1
82,67.5445290008872,54.78791183110473,49.27142396798426,42.88309849951029,41.08043884794048,40.49073609907269,37.70498345648169,38.33900056873192,32.98207079554078,35.48149259510047,37.800212774442656,35.02984858062842,1,2
83,67.37183934832287,54.71527428592254,44.50293781613111,46.66462806031552,39.702553793628766,41.46248516508981,42.868957527193125,39.84744134074133,38.32954201050269,41.137002253812184,37.200599351601056,39.73322183368302,1,1
84,67.18377592563046,54.70249104292549,48.04478574162552,46.508672851887404,41.44359885351506,46.732044549753745,33.14174715797069,40.57603047341738,43.409719498336045,37.162058772941464,33.256927991455235,36.18112310024,1,1
85,66.78754326331688,56.64377650718728,44.88493025957547,44.705587389430804,39.88090069526027,43.59929139711496,35.61784679892724,39.40109650715379,41.8835831428044,38.393658266870055,38.937768164561845,37.23640395546003,1,0
86,67.13420010718762,55.93136319622779,46.97870473385818,45.841669033779354,40.497663429751,37.19788419208493,39.76590120884873,35.080632080138564,36.280488813222135,40.38022640222445,39.44122951077263,37.078649204295786,1,2
87,66.89183836288169,55.32145587439088,48.962562078256546,46.758964524353225,41.56387035801562,35.52759499366931,40.307815919416555,38.05373845712316,32.02783703472019,42.688232015162626,34.437878188806266,36.443879552021535,1,2
88,66.60779874566364,56.04477867197187,50.16148421383844,43.51253512100493,46.25301095468907,37.17436423154235,39.92190425230012,36.502820974856625,38.02838584839988,38.18357726560921,39.94542076544429,34.496096132049196,1,2
89,67.08006545884649,55.999312857269,49.12502160539307,44.13766993744023,43.91404216573113,42.23010559221066,38.797913561221534,43.8284459176008,45.30395644767335,37.35781280913996,33.68797055060686,37.050490133401574,1,0
90,67.01732314149416,55.93096073938547,43.436959350211765,44.036304395600496,36.42120225486965,40.25836592886866,36.741965977653116,41.48355831656114,40.21396129223849,38.92972091665761,38.07184854322172,37.34762047668108,1,1
91,67.14705730483993,55.90321204435986,46.33745531292223,43.69194367526219,42.604525815919416,38.04905608814788,37.32784624475722,38.85299532469524,31.20118254808178,38.41190343231422,32.04256433671043,42.857955917080176,1,2
92,67.32250091330047,55.45986899997558,47.12938079191008,45.55173840818074,43.53142669130336,40.336093827863145,40.60158817204157,42.871243764193984,37.88187924023378,40.90406540362797,32.62061533247463,32.86556498539725,1,0
93,67.47820619402086,54.13548868017615,48.258269085186875,43.79671916255222,44.15477243690083,43.266952891681576,39.515146661987195,40.09250050535587,35.99542189167465,40.61478314723343,38.58207847681475,32.70131772764987,1,0
94,67.44450452592565,55.11886814057084,48.61922620556559,43.40495644705682,41.194262208791805,43.58932536709609,36.99560601157784,38.78467806589902,35.90334104348125,39.95929975958934,25.122219812095953,38.588131757744314,1,0
95,66.77160947734986,55.19766268312136,50.793276567268244,39.68613939364383,41.82718935681508,40.66469134954255,42.45089072856707,39.87890161891892,41.06811016073242,35.50844339786733,39.825813534769594,28.442397366557813,1,2
96,67.38016408775259,55.08094907997379,47.30675694592206,45.747146229639625,42.20952896918496,39.3503898572413,39.64011670602041,40.61637028015565,40.26046726441342,36.18218653692945,41.71669388631477,41.857522553899074,1,0
97,67.42095395833539,55.190535554307544,45.591751493249035,44.24942074119349,44.11176556419197,38.831119847018186,43.991335387370015,40.11206676818777,40.23480657447362,47.13349927677197,39.735450816467925,35.8558450768598,1,1
98,67.07611067975084,54.69366584528178,49.001766286184036,43.9232695675603,41.54730616288103,38.82270878813604,36.163956201528634,34.4999367925547,39.218180279008315,37.6131518357043,38.17359026677304,40.360695300393125,1,2
99,67.32022038670593,55.35714280705062,48.22505358455155,42.95976463593521,41.01601422247533,42.2131209620409,37.616235464772224,37.233876573871356,37.16806057193008,38.349626968732395,42.56605576338271,35.02616647228833,1,1
0,47.34409227821611,44.14179744566643,41.13683994538181,44.175234868206545,45.88849769835028,42.09319995660851,46.91730244071002,43.05877655540162,39.39813060197424,38.95097347811209,40.24772828064894,36.45049598362306,2,0
1,53.87423513623299,49.890643831209445,44.43048550397427,46.45444764082634,42.96466720726163,41.17740923160892,46.07002996561152,39.6083607623865,44.2504457846101,40.05741392235931,40.981056993126515,44.99727218359567,2,1
2,50.71598198620955,50.0058862565729,47.640658051555,45.331375461229925,46.13950550584303,46.56095493318826,42.256461309866864,42.873252835333375,38.825180990669935,41.250216434030236,44.03147506555113,43.75032434581826,2,2
3,54.685550130914756,50.06535018413351,49.115665777531234,45.17986678512618,45.804727104592494,43.45465828099212,46.95922808914628,47.78052662711721,43.766203827669244,40.838056650776494,38.468850674204205,38.33880723989118,2,0
4,56.757896102966555,44.77977219690982,41.14798759844396,47.782599677090644,48.954764538787614,44.484679589168124,46.588961659104804,39.808660881758215,40.158901485837944,40.69400119716541,47.9944126954407,41.22646307677734,2,1
5,50.087373944168306,45.376861996425276,45.68887336316637,42.54850642920097,40.66787788931355,34.307361949181654,41.92728954228264,40.495525379135955,40.643261770747074,42.92866523405982,43.615637978780214,39.17993457853566,2,2
6,55.35506510673074,45.85782676951189,51.916410813919406,47.78975004983227,40.23291071960683,46.668248085494575,40.722854845410104,44.981349795446334,41.9594500689186,43.97461539131626,39.21089479467135,43.60655479437531,2,2
7,51.90749192605592,46.913793321972335,44.22467240533508,39.845520367815176,41.30961680330248,38.6026856825079,45.207002210961335,44.203381883503845,46.37774452159741,41.440916993799846,39.29523643732438,34.096341265740115,2,0
8,59.341288329809785,48.104136458228155,43.490296962306445,43.283501396664754,45.146708515848786,44.67980136815411,40.25982705268002,40.48652966987563,41.344326945287854,37.98836634054783,48.22767298427715,35.38840826720709,2,1
9,53.35037515492881,49.341325902818085,46.147361222064205,42.924783675369525,43.19450991122024,42.8683131555732,44.77412044649924,46.23653569124071,42.76316529314875,37.31445281148192,41.55748185813642,41.29386964649276,2,2
10,53.09309057617437,51.7639214462705,37.94866455948845,48.953211635131964,43.99731506651955,45.07138076593705,41.346701511295066,45.46654563871335,37.02001892629147,45.104854680585774,35.56437048763537,42.0919329995319,2,2
11,52.082817170805555,48.58090402327167,45.35517674624046,41.59734697745829,47.05376890287855,41.75087648114854,38.66474038740914,39.23707248799106,40.458312490117535,47.01706698128803,32.82455182268605,40.43658534345269,2,0
12,48.95768058561899,45.40815725169161,41.628593621080505,45.86887943406944,44.89501750920729,42.83185962620337,41.721134327924496,38.974754858365635,43.00951546829223,44.44516353450894,41.28111402998738,39.36205679314159,2,2
13,51.606977328857276,51.59427070203142,42.88686071972488,41.89782736034156,43.61485868679682,45.23729042612598,41.77779941737647,38.60288322847042,42.522696543795774,43.57784453010778,44.62068844672493,41.099311489328336,2,0
14,53.09354454260476,48.73227002570607,43.858372498492386,46.345330995390036,48.6509973219837,46.7455697757679,37.18374554533824,40.52080258064063,40.235919125072606,39.70797529375788,37.956872255468156,41.70124408496185,2,1
15,51.4687125145164,44.3023537931382,44.48617310746401,41.364534850565306,48.57300012186274,45.49695631352758,42.78302355080104,38.943411302601305,45.03688653004839,40.408988389499356,40.01032209248037,43.09901948006902,2,1
16,54.666334619279475,50.363490242577434,47.1627751040368,37.91836274564224,45.24411602348312,39.925269553048224,38.68892805686364,43.21991743980071,41.3535450275714,37.15412445274665,40.457646555319634,40.20952509381286,2,2
17,54.60959848075757,52.92941864458737,44.46872303097904,41.75309519663724,43.301559166547555,47.0503791373742,47.97940459117579,40.22797482300441,46.70120260093226,41.298241775982056,40.601277826735966,39.46914661444109,2,2
18,49.48182058303567,46.09536225226815,44.32709437889943,40.63023208590171,41.67089387848293,43.408154607379174,36.30117958381523,39.27403041779553,42.289840777290664,38.110108880229234,35.457197985609724,38.715965206570075,2,2
19,57.23747955482247,45.64544763104412,48.1415594923278,45.965958014326574,43.58940957684091,37.9789597293511,38.9020618196868,33.38897513600233,39.54406074749417,41.670914536515674,43.00516489083065,39.65236257019745,2,2
20,53.64116591505389,51.14742322529813,48.06510482713819,45.316198577728166,39.627095931609375,35.62819529210118,43.551135467918215,44.4396103381364,41.56961670435209,43.611619438352236,37.29521311281161,43.10089237991823,2,0
21,47.670167284716165,44.96254338928904,42.43991493448973,41.21270116093975,44.48153047662893,46.10776929241108,43.924997925303586,38.70353809488719,41.60336436117484,42.381424644218676,36.201139277332466,38.296524558896564,2,2
22,54.78616310079897,41.535494957085575,44.751508858876576,43.32216550536019,45.392956903077135,43.10637898127351,40.971652020687046,41.29816883968155,41.56840203629954,42.22267249168243,36.17276846980951,42.316298755973435,2,1
23,53.136696202416104,52.93126240010963,52.44244128919092,42.11115452090251,44.1061445622784,37.06535823516687,40.36986591710695,42.037230611718684,41.747269727493126,43.87532461748873,44.337878381060506,42.12889481497943,2,0
24,48.91267797697118,44.44081477703997,44.13495446507213,40.43732695985526,43.45341769652846,39.665381293391384,41.99896119711626,41.094351946862325,42.491060046260415,42.3125076409214,39.278402271303385,40.9502836012475,2,0
25,52.423349161965035,39.436790058301355,49.488986472280615,45.99596197902033,44.37131712691463,41.03985361766144,42.232445711951044,42.62565106398644,35.44089395893671,40.56607844673077,39.498950768020826,36.827557578920825,2,1
26,51.34089873063239,46.24712079861954,46.40130673342387,41.29392902027166,43.900037338426685,43.85322711430598,42.25832093740867,45.69039017160435,42.072624411850995,37.096204492207846,41.52341791917989,42.04175415823536,2,2
27,45.80768192700478,42.27779614286803,47.609534543260345,44.47031946337877,45.66711402886527,41.381325942527205,41.358021398262686,43.63374603696063,44.85578883913547,39.61744016846312,44.81731629201717,41.06282246309914,2,1
28,50.93197962761321,51.90229987840978,39.43683152692114,43.31023774485366,41.90625309196308,45.66365003064746,40.48814901412641,40.052652846746035,38.97487410376822,41.99270587504519,35.88394951399576,39.37443121015467,2,0
29,45.55395089117256,47.42683860383557,50.08946080339743,47.727663748346586,42.28604983477769,45.6197366841945,41.96176744531581,38.97617042945737,44.98807810822327,37.33128546077169,43.26805235673457,44.39060087584735,2,1
30,51.96243000943022,45.10376301245654,46.37371227412925,40.67131497258674,41.22786222565604,45.16822371239967,45.173130661026576,40.63376620706778,40.861508645874935,40.937094498456666,44.194861404474096,42.557863243535046,2,0
31,50.83273426403099,43.72390082041822,42.150045303845424,39.37172497187568,40.48266477912359,46.75956192899017,45.955027614931964,44.01901253502603,39.72816501906749,35.94855742130065,35.55954123926148,26.51334623444129,2,0
32,55.09264995897447,51.10273279561796,46.32343776588493,46.5865402720666,37.948115529488256,38.58120244560773,42.0752460089883,36.98776925290254,43.2795234123777,43.64878986494611,40.25828781104795,43.48780504240842,2,0
33,51.248264902801424,50.833200024743945,50.89936423923428,47.849967152298575,38.36730082302295,38.90353081359644,43.15456874882059,43.82152291035829,39.065255203245286,44.60321431194043,35.756226580457685,38.93940665196299,2,1
34,48.12161298079356,46.55290758535882,48.434433835107185,44.5832430105185,40.160245025446756,45.245325022908844,41.4366812533225,43.05385218092121,39.3163593894352,36.061082004877846,38.76886141749546,37.15841686176625,2,1
35,54.80393391409133,48.19284498748496,51.62668603743076,44.69710800816294,41.64734800729595,42.960139796415625,43.085844550064024,43.88540197349179,40.6809294486991,42.37817667752684,38.561386706689916,40.482154185341564,2,1
36,54.60714017363483,47.13013620961209,47.504442874567935,44.70092817024151,46.715131093867974,47.15906464189698,41.6233473907469,45.58289018666129,39.92932000002943,47.47030178634543,46.291797907777124,38.951588557900976,2,1
37,49.61385556051645,47.192229257388966,44.52204457642241,45.50976390948909,44.03593214313831,42.365716476973795,46.22712573985801,38.92894380277355,47.00710613920272,44.79054269069009,37.89118286581842,37.506024354284506,2,1
38,51.5560264043899,41.505648675498705,43.81807811181346,40.72169686213833,42.760009182932855,42.86763108707743,33.87503963230782,46.46111613445126,42.968160252794206,42.123423585020404,40.48931592335394,43.04530780587138,2,0
39,52.1730361793415,49.27243918873047,45.464143336144076,42.54107661356474,42.474835003767176,42.96623568259995,44.754201784020836,42.02803385568979,40.78528834994713,39.30634696501245,37.66845873927848,42.543947176723755,2,1
40,51.2987590357652,51.178953187305964,42.223413333761386,42.448344647640226,40.860111455422725,42.43435521304036,46.785885798782246,43.06723220051177,39.88953215024911,39.34783601706131,38.679011959871154,44.084145288039196,2,2
41,52.373885230336654,48.75770141419921,52.89952225449934,45.52530760106167,42.40439055535289,44.90912448508121,41.929832026097706,42.5537890883717,43.16466416852875,41.25745108382329,37.09525120753631,46.42054384553884,2,1
42,52.33817314192098,47.4346932474531,43.11053183535976,41.836604138840514,35.48117035159663,45.8276498472607,39.66271458629531,43.796891582358334,43.36097092592627,39.40211012618967,38.83612050787989,42.19471050170756,2,1
43,48.686219491155114,48.71056158681127,34.54276959484635,46.22600345538977,41.7055665497767,40.71917846458775,43.00638787610645,43.913144363840615,45.892625673474924,41.298444464488114,42.50869981285281,39.25249751090002,2,0
44,47.437287930515666,48.170137751059066,44.641150055472025,36.76462185399153,39.72011391034787,45.14246082371167,39.49610159420365,39.62346488303903,36.738196211643654,33.643005443650665,38.79980415320329,38.63315346072698,2,0
45,59.665394582773146,46.70073490982391,47.57613057801112,47.10531480058877,37.296141662245695,40.84638970737233,45.02225615324449,41.20667055547457,43.00974962271071,40.8110891628938,44.091448181058624,41.213637540169564,2,0
46,77.81267282195441,72.43287877350978,55.35245105963028,57.82820543556035,57.59919452963734,54.35154933806781,53.84545205818509,46.74234942925872,48.56670689179738,45.686150539752106,43.52695305081896,36.57013019444318,2,1
47,50.33238422139064,53.66817780449083,45.71304865153579,46.62344607287697,45.261037635863005,46.99581444034346,40.56040653675758,44.997027123685044,42.003513554448254,42.559580946597755,36.1131532602946,37.14932126583801,2,2
48,55.32385857634512,46.704660807677534,48.45047661910082,40.5033232060553,37.286269031998586,45.92413815518685,42.62758867669271,41.12259908398206,34.975709021445915,42.917861157156,42.3526285032722,41.30676567800155,2,0
49,53.87703139395654,44.68198639746895,47.32893227859341,43.252247519842854,38.66873843473469,42.28850799490205,44.568041171167664,40.952086415942034,39.28428460148947,46.222357197072,40.795915243426805,43.88495688324735,2,1
50,53.546950642140175,52.87171412315073,49.59703413325258,37.6681379634112,43.0226777024006,40.24460704001197,44.82704150046187,41.1193200635459,38.60347842199192,41.52436208530458,41.6870504557128,39.4323498801613,2,1
51,50.38005386301736,42.17196794581711,45.911714971061485,47.877739539597286,39.12701650086111,39.60468302358714,39.343545869151924,39.52571611279161,41.74085603080659,41.02470433817121,36.75189802818446,35.39566722913921,2,2
52,51.73347026161476,42.04024764959676,46.730813532287286,33.602371201503765,39.66999103103703,42.6216130073748,44.08684544960444,42.20635360630967,36.984748823447475,36.793823239863855,41.02467059793099,38.078635103650704,2,0
53,54.30269991273471,51.79723702134652,48.18439179547531,42.252277269019,42.125302726979044,38.717037151584606,39.80072970697266,41.882339947239004,41.1397741471221,43.8438881049901,46.91872764293323,39.50278014881618,2,2
54,54.30580075992012,49.24267743433937,42.392244859746185,45.879781911066736,42.439092955131656,41.08817313722507,42.135293344731416,42.20617040275026,42.53836972128916,36.821487867017,42.82382012742945,44.597692417879536,2,2
55,56.29748919627886,54.04217569419541,47.35702768262718,37.00689930422391,37.547258802987045,40.36051023915151,44.64939185512236,40.661898907985154,43.0083068500249,42.63799853565098,34.85665517509431,40.52186108433469,2,0
56,51.329705072873104,38.791205045455726,44.507825170812424,47.87775307721188,45.31043308645144,40.165319872011864,43.69405235731728,40.25814854707161,38.26012737070526,34.34851891826022,42.50944669526609,42.26591977365317,2,0
57,52.8388735038849,46.43263857080157,40.85000576161759,42.91591577132013,44.9821312970517,42.169589930587065,44.90370090133184,41.22532952510818,40.379072394157774,39.7747338438993,38.7047925234488,48.995459778375256,2,1
58,53.17491682359163,45.82241352294397,39.47613731941054,47.333433609652744,49.15629727730446,36.802774010823235,44.009149978562505,43.9369581445244,41.78927150018658,44.38924011046614,38.89115629881031,39.36481534237074,2,1
59,50.43473254390239,48.03013029917979,48.03883034152483,45.954677134092435,42.92279351394147,44.17701223972397,40.15875684382763,43.10250690270712,35.50350268348069,37.23359743348426,35.614811727110464,35.22666763231811,2,0
60,49.40596775737804,48.551399593996564,48.92847050647434,44.04792954765577,33.36050128612529,40.07606107790802,39.80333494959143,42.161187669579135,39.98131252578408,44.31674252089139,42.97262775144736,32.161192330579816,2,2
61,54.77635166062327,48.99682144341727,42.02421681628002,45.10451301786537,45.20041238168719,47.25994538095355,45.07836443622224,47.79118358461661,45.01124192182885,38.84366056040454,40.48142449772953,43.3418934970202,2,0
62,49.921281822239955,45.802603471278864,42.23062285899307,43.72953637991169,46.12727893436195,44.614125978674316,44.235514167617566,40.16032602559408,38.61868149858797,37.58184989028271,37.74768998796719,41.345131328511876,2,1
63,48.83878499816729,50.2980062569233,46.3394227793536,47.9942800880126,41.42286140240881,44.92358805651589,43.66728868436737,44.65783615099738,45.57707709135852,39.240457841741645,42.469947669447095,37.456729702297054,2,2
64,50.40102274423313,51.25850429510909,47.76936155404212,45.61400275734707,43.220171400408915,42.911308892321046,42.03536804993258,35.39597524799845,43.53181568389581,39.73584207801103,41.63009023626208,36.09569827944744,2,1
65,52.054415659688416,47.99750985786632,46.15215203687822,45.64253668920069,43.64073644317695,42.10385894869405,45.26690011255034,42.47500466574725,46.63669441284739,39.17339974593533,38.704252132962324,37.0590660240432,2,2
66,54.39137328600247,46.265225228290475,45.109904172988976,44.03551768192655,40.74400144862959,42.85931184893777,45.598873768124896,38.6402788764614,46.44991574465025,40.16474596064886,39.84073034996895,37.364862713198995,2,1
67,46.75230351146189,46.96711195474953,50.804054150098345,42.962610227019695,40.97880875047044,44.91716298544081,46.618055221636965,45.02609392936845,38.11074094349841,42.77451332586189,41.17193789582852,39.675113299936875,2,1
68,53.06093156301849,45.91527882077817,45.77978181916603,46.04114799692083,47.47435259968605,49.07800769207512,43.78008256174583,37.5238188695145,42.644804599981256,38.76786614641826,41.77726968010978,33.56886625327314,2,0
69,51.02463378111343,42.10431298291553,42.17558103276039,37.95491023925259,39.124554239288194,40.78817320662571,44.38988608203309,43.818971948653044,41.290858706712605,42.84589961276132,34.520913856190475,30.356686917929654,2,2
70,51.567174143552485,45.947419257821736,51.16084629781094,43.426676765958454,44.79205383280219,37.95418277920699,42.49559185268357,33.607310921901075,41.23459150464333,41.86815839664911,38.29653059098154,43.418028020313585,2,1
71,51.124625074690535,51.54840566009111,42.11264964628988,45.70500508960332,43.45661645415998,43.49320397054975,43.623950568428796,43.835106976338096,39.1054630374072,40.503529506737934,35.76706031276497,35.040059056428966,2,1
72,54.91246088989364,47.796565577725666,44.87177252102297,42.8812798780771,47.1168950506456,43.77174564598495,38.73989462831192,41.129614184922886,36.59945765226836,41.910355520264005,30.75735279140056,40.65983462922045,2,0
73,53.07368354788666,49.636272598866725,44.904207063616326,45.33911698515306,40.92458318099648,41.539393410739294,45.37246831472358,43.76995675285837,40.237364632842414,46.373372920087405,41.95168948984776,33.86475243823508,2,0
74,55.93180841841116,51.536253175128365,38.96578310681992,43.882727010105164,38.150158817332496,44.77586131245749,38.49321686150655,40.55521898349194,38.587770519825064,45.22072278591354,37.965513609988015,44.060136034165374,2,2
75,54.56404246517748,44.05445859396832,40.78228904049162,39.62029961497833,47.64065824078698,39.22092191380372,38.82847878391319,42.69200282862016,34.86326224944118,45.1411225074266,42.55937487139474,45.45008317603987,2,1
76,50.769843057363595,46.996190624176165,43.68302803549004,44.42628498947046,43.01815457252809,43.27412347459041,39.01126698300636,43.46962269563633,45.59750428749078,40.89902570243956,46.01752190767109,40.353623474106094,2,0
77,52.180927281076755,47.266390960633515,51.41667998141945,43.21651817304303,41.61936889025257,39.32878340133939,36.20312569129851,40.12559706006346,47.30787145485268,41.78903462037654,43.38401365167256,39.88449458417856,2,1
78,50.244778581548005,50.58310247726368,50.0525635591111,47.061535618046406,39.207614705291135,39.24929808068557,35.307626128385444,39.031047316764884,41.22966076834129,37.984783128327216,40.32444861996417,42.06579360338242,2,1
79,52.830366818825155,49.81744291698576,46.57086461501874,41.757543334374375,46.44654837637011,41.10605047825696,42.15667273516418,44.08415096770463,40.35464628270945,44.125926124123765,38.487505848723586,40.31728232161844,2,1
80,53.192816913043174,41.79378924978404,42.986812378438046,39.16855779657569,41.115465827096415,43.64087755637898,44.739828812506076,48.19950480289976,37.542258402234985,37.1002737398731,41.24938237446089,39.23197736405822,2,0
81,56.10732819442077,50.11981200354593,43.62960494967695,42.20784114381116,47.70962098205062,44.496680638664486,39.12854111948718,43.35316313876303,42.04764076839436,42.22014002400885,33.686211148435135,43.62804558693332,2,0
82,54.758069592869305,50.318296377144044,42.32045388143685,43.07417133265464,40.00091549963546,31.212514122295318,41.7625899695783,45.858171406875314,40.596193921284794,41.15248022324921,40.47568319268174,33.99415987383829,2,1
83,53.098357998791286,45.45184986015484,48.020381353417434,45.65351783105305,46.140240878455046,42.787421329413604,42.116616738398356,40.38385919313173,44.77330330453013,36.07445233732468,39.679816876478355,37.560443536501,2,1
84,53.094823614371805,43.411940984670885,46.1060615741395,46.67469033733609,39.34246513789258,38.630658495515426,36.80370709676714,39.053928426526156,41.22822690774588,40.507401226011396,34.9384499290628,39.12879996740856,2,0
85,57.340201245395434,43.67212782925587,40.86362600451259,39.76067364065338,45.72366142181636,36.43966828467056,43.96437866243941,34.70222082756727,40.77051682846901,42.36880726391042,37.91665380600544,39.916397042509175,2,1
86,54.43337115396632,45.36085109849928,46.60756883869107,43.90961055614022,42.928565934346366,47.02026250161473,41.7455215591728,35.06224168404104,38.67583220988645,39.55641927136683,45.01046245184194,41.95030328694531,2,2
87,55.37153874190372,46.09370063639892,42.22192746380459,46.39999024830091,44.61229824703804,31.92687966696662,47.36907223648671,33.849684899822215,43.597169401424324,39.41810017048774,34.81782095175036,40.441848184147815,2,2
88,52.21419455681026,45.338467139355544,44.322238365776116,45.01567796098716,44.64967492938313,41.40908322600342,44.060873231072684,42.45294998111986,40.061991910236856,36.79614953754589,35.59509601820392,38.673587966260754,2,1
89,52.20312094904818,45.30969254942001,47.36000011811197,43.758560521887105,45.28079890265629,46.269230983423114,42.21618515651038,36.62570012434925,41.36566372492092,43.1246398610408,41.76557510242559,40.32504821454484,2,0
90,53.92721165895077,43.37578070117471,39.315229211086205,46.776396513512445,47.398879630577895,39.09453236425275,44.79591348881759,37.947701081997614,43.212875560557976,46.109159374340294,44.77392940316911,45.83589474979693,2,2
91,54.59225802141169,46.98442099152011,47.68832931592058,43.0108251503705,41.96573232292833,44.1260785800137,43.163428464114574,43.63695680239684,39.78648568790706,38.71871000010978,41.830442139532195,43.990435233552695,2,0
92,53.233120720513746,44.236003597385,40.584890169848734,43.7569321550755,41.95869113590883,44.162118735176406,38.18704972320636,42.95418112022253,41.169105246082935,35.6535784480654,35.88026363882447,27.543086263579102,2,1
93,54.74802711293688,46.77038393675202,43.339307571395224,39.156530623652074,43.00525713219984,43.78628414133924,43.87155843897583,44.531031374934706,42.39072991087959,37.054347778697434,38.96452540086381,39.4847315315719,2,0
94,52.32837343046462,45.18763799949434,45.989521559647926,42.095914530645004,44.565626983230324,43.19837883464962,39.79594024588829,46.36351239249903,42.84562789267393,45.452364368356534,43.38453093002181,43.25562205925877,2,0
95,51.83781693001224,49.039617568806854,46.030683266399464,39.01281808360096,40.37077297781939,42.8473233657168,43.12012393284329,42.97077366565895,38.79987904942837,48.8825988927005,36.31558740097105,39.224202192624766,2,2
96,56.09607705783361,51.00653678676142,46.928991537975065,37.046855738237724,46.7080183906172,40.54556763997175,43.74650088263687,38.4961693151873,41.92767481522041,37.22493660135778,36.43159169581493,41.514822113032714,2,1
97,52.34511269301882,49.63153286058389,41.9041684486434,44.526452675111756,47.88766969538156,45.281219755949,43.017534950922595,41.919632197221574,42.60884564551979,37.919986839587935,39.337186066355045,34.341946664935676,2,2
98,54.390960512573116,46.90157602168823,45.277244265078224,40.389019615101695,47.9621712797433,38.77052911940427,44.333395108056266,41.12115134833923,40.753084115018396,44.76437223892847,42.619763312372456,44.90728795997745,2,2
99,53.87215008380551,50.60610890880969,46.98865628621062,46.09716905244376,36.90339310001691,45.5464465339837,38.39769982582327,42.588245744305304,42.18060093054993,39.88176898826866,39.35919150449064,37.51681294056454,2,1
0,61.378330549362815,50.788102515440656,41.44112390066635,40.93401495853096,43.21632580887483,43.091813017990596,44.121279570560276,36.36293069020108,40.425666028988275,33.18697127978504,31.03738020925405,31.984481239709748,3,0
1,61.03794160841091,48.03764346151792,47.37541645370949,38.65469341547862,37.4486172370607,38.27049276588029,34.43194143829976,39.15877235373297,34.63430126522407,35.053551771504,39.56672506466631,34.390111811897846,3,2
2,62.59961936650685,50.23903444106395,44.3471121851408,45.28309786865397,38.39142579592483,43.39941035910484,40.152824733700385,41.37430828836274,35.39630100650889,37.75350400194581,34.39152922795844,41.35676889467286,3,0
3,61.68842365225749,50.43991909549463,45.98197851626595,44.02310689989192,43.89337758446672,37.708162417108355,43.86308989605879,35.685154106427646,38.93086170578093,34.08223903652993,36.91693142738026,36.986613411661004,3,1
4,61.61952931298374,50.6583819603247,44.59958914273986,40.288251909890356,37.108665290547656,42.32731939619081,37.72433090083671,39.71245863565258,33.88016154108793,34.17797349206097,37.47812171474907,33.4230938013195,3,1
5,61.33472263541854,52.057162942652916,42.643708662297385,39.00007783886896,41.33913502947746,33.68337580942284,37.95555106707859,34.39181119712112,37.88528439270643,36.57944789241935,33.52104110279255,38.33153574077304,3,2
6,61.65595244722157,50.05735711186532,44.25268147219682,39.44626955356626,37.70639142475217,37.46631266688294,38.614630930815295,39.2929270674895,43.101611575576186,40.993025018339736,38.835236816088766,40.12503845598261,3,2
7,61.81243132294527,53.20304934634716,45.3013907567612,41.792173124070224,39.057882849996666,39.99536949794531,39.89718217632861,39.8053236687413,30.84390129787093,37.46173877914201,33.23260330437812,35.346998307739604,3,1
8,62.09483384248226,49.556451282096,46.23301578009823,41.84522042255399,38.09810081723819,35.84212231411748,38.38838700001118,41.647487645964375,40.74398832120181,31.59937160838563,37.913126953188794,38.937313797914534,3,2
9,62.26355586243292,50.86146255129846,47.42912590217197,41.96250452204803,40.6285788674637,37.600704504567794,38.07482192100725,41.46173842182229,35.377104883738156,31.12925120183654,44.46138827277668,30.949587883210995,3,2
10,62.69099915104064,50.40982242556132,47.49864183211029,44.01412019740402,35.21110764059263,34.60125689261058,41.60483177239037,38.8336710247568,33.20133849691822,39.30027346354253,34.97560986059584,34.04971020883263,3,2
11,61.86985435160031,49.971095148606196,47.16436865861937,38.29859555663761,39.326226536652214,38.494109180980516,38.3281488826933,37.431651053114045,36.76609914104486,36.829563339115765,34.892383968263026,35.13637365215506,3,0
12,61.867168155210976,50.65135585029221,42.55119273099067,39.94286841137547,39.248893825218914,39.81375544786921,36.257700744586366,37.507904704616394,42.38954045705289,38.28744017319708,38.71027839848254,26.874744249431895,3,1
13,61.57851830291405,50.68797940030265,43.56502914937317,41.38026178753444,40.57595547026223,41.95074905059525,33.37655097638732,37.94623095260471,39.71609607766348,35.608059456545774,35.42469411776712,34.03449790623592,3,2
14,62.29642799181891,50.87728470119549,42.0608398065237,39.33834957804876,42.1881090488622,34.0985327606069,43.61438123951517,36.358627084825265,37.33507561453363,36.87498909650759,33.40618554899176,44.12432935331723,3,1
15,62.04238076691452,50.73908568073159,43.10626155853275,42.834371079229534,39.85105148807813,35.97603392089839,41.71049432233667,39.45740292017311,39.2589468796199,37.41708458111444,34.3730835096212,36.541662849794115,3,2
16,62.48274950744736,48.172652543092326,43.18053149908741,40.115145152919204,41.38174587625764,43.212185704017074,39.58867281355452,37.03024108350567,39.671250433220706,32.997111708867344,34.30594735455361,39.50245268411097,3,0
17,62.166718562818446,51.194811558308935,43.90188540432588,42.016124303496134,38.186401858741505,41.258169298613296,36.18600421979886,37.43551726791597,36.28628595571795,37.76376558222508,43.4221808344039,34.424925828347675,3,2
18,62.20376448338676,49.842610659148804,43.25972355391953,37.52080854857023,42.98424350292366,35.85785639291084,36.07464658557797,36.609079389561096,34.13820038423681,35.64136503649319,33.099177857645934,32.7147839962069,3,1
19,61.477873768869614,50.208477003159246,46.957480143137595,44.55355208666124,42.11361850054078,41.08168506802426,34.35326024100467,33.59851067223015,36.24788756414257,40.59570328650565,33.78217549414715,38.820076656854816,3,2
20,61.8061634440946,50.58398292413281,43.79583525400321,38.780868609213925,38.41093268363412,43.35471607673189,40.851227130703634,35.088050933876666,36.63252369210407,35.84889491814586,38.511278186027624,30.397667589993375,3,1
21,61.29326240113436,50.28861941121,45.4988856645929,42.02261119837939,43.465890237661995,35.57701098687782,37.426698073066134,38.187824136893894,34.86645196752485,34.396612122385804,37.2902318866473,38.66375520877425,3,0
22,62.069794898171544,48.76401700618889,42.96696336322329,39.909205909190995,41.86747077562643,39.993869604348205,35.46635691301922,42.66665750393001,33.13083046282311,38.0208719909554,34.87121358006889,31.17970792184082,3,2
23,61.899831766616,50.324281738250775,44.150771214787895,39.62645828906399,40.721254831807805,34.541928151054734,38.49340901746778,33.937389675559885,33.778345953205694,38.44778507456162,37.01926398250056,38.29444124781463,3,1
24,62.219206323247555,50.37780825952211,42.013136044041744,41.572111072657584,39.10037336765608,42.06491187372535,35.742773662134255,38.87220651316862,35.28059829797145,37.997457545886405,36.94667712503794,39.96966644277396,3,2
25,62.11411822274911,52.83156434463742,47.8542221193434,42.56039781454425,41.08922341557861,46.993914456348804,43.8410197856149,40.779168518848635,38.21486305205745,40.73827685083548,30.263057393699548,38.79869679635298,3,0
26,62.206436305344305,49.49883314047307,42.57202210793665,40.018281106819344,41.36386470584054,37.554766763310646,33.697679303116104,36.669981880176636,32.775102380086494,36.46852161512355,29.533094582366115,29.65073569344293,3,1
27,62.144784567924475,50.405555938296445,43.79318715852554,40.72150898896142,36.58109257969087,34.59948925348163,33.07113839728148,37.94089756426626,33.898473375888315,31.16842019517737,37.41893070203933,38.26837913736342,3,1
28,62.08374003249229,48.29133497771696,43.79627990511262,41.67446369180135,37.30889233240106,35.02208091138134,36.6240198128441,33.644028173044774,34.413301613867205,36.155338014168514,31.90347297143302,30.681041501773137,3,0
29,61.93655765290795,50.807843858568134,49.60329643228284,38.981494683048055,37.90874102580785,41.94628117103838,37.52355551202879,35.50226646181026,33.811315411426776,31.09633481605129,35.03582525838283,38.24878003858331,3,2
30,61.58147800297024,51.19165933224122,37.30319033281823,40.8547548295582,40.27374191757487,36.930795160261304,34.82730014111539,36.703288940652286,38.276147888472536,32.97236238345873,37.25158205239675,38.73132219892745,3,1
31,61.5794378573015,50.64652743792673,47.94194233697168,45.16737767469621,40.38596826589662,39.23774044329397,36.60135079249342,42.137269021674506,37.03093958263135,36.53594487023156,41.64281199913722,34.58910760014157,3,1
32,62.0736422289259,47.54501468098718,42.31861537000279,40.634774341194756,33.77408650906642,40.464845185377136,33.58906269779805,36.89085609456926,39.4572819850701,38.673291383509756,34.41964071024146,37.692875070831114,3,1
33,62.181718452618995,49.08774212293785,45.201915536165316,38.586683173670195,39.03063608013735,41.98885080585676,36.193385724124006,41.93274913291721,39.59416427139257,34.52962647378998,38.64098692607465,32.881803241370996,3,1
34,61.57693135281555,49.919685422589744,46.06241647593212,44.02908448802937,37.83748623567568,33.78021525099344,38.61482144036262,35.310368200733556,32.47271738693992,40.67697972942545,41.58066396911774,40.51155606836067,3,1
35,61.45784958867871,50.19899892242931,43.573264718887984,32.8228637408766,35.60770477717021,42.542566591532506,40.74385635255851,31.902310638049208,39.99177605056043,36.39655682830953,37.171634587007176,35.20864531649866,3,0
36,61.97227071395553,50.138359207515435,45.65420967176246,41.40494009344118,42.235284328703116,41.06747120947496,37.89340972606614,32.56982108550727,36.52786499981873,38.3068864298709,36.73294369093202,24.83468287662721,3,0
37,62.17866040587229,47.43737491858706,45.164732299300375,38.14531254469035,40.37834752999054,42.353486039128036,36.90845921812125,36.482272665749676,37.85569858660212,35.98630461181396,36.64466888132575,36.700204913082835,3,2
38,62.357259218614495,48.41886749085242,44.406173188332325,39.96977272804518,38.8409340060181,41.602904828564384,34.931966971689164,36.34096788928259,41.08668196927276,39.07656849735623,42.17784675808836,36.99656492540405,3,1
39,61.35544800733752,49.86683741938458,45.370903707175955,38.510210652829095,39.9883494803498,40.564664956984686,41.16127721172384,40.895619460086344,38.446278197042076,39.56994273548639,39.540531097769524,39.29204918609829,3,1
40,60.9220148272296,49.841281133237274,44.44745368313598,37.92533415683584,39.29680651392602,38.90178989757917,42.02791462389799,41.571125416033894,36.38605428179763,33.34690260571263,35.11454409521177,34.46444604209798,3,1
41,61.742270361022406,50.07796667341493,45.12854884335906,44.25042660083774,43.889216511420344,27.16992833064078,33.607356389854665,39.982289934192124,40.24363489590658,37.01909056899302,34.64135341957301,44.21570365889763,3,2
42,61.68950393578886,49.26261609223455,44.271285491142336,41.59567161878984,40.9317144955688,41.92644961591293,41.73864867842731,34.02753386576981,34.579897478839484,36.33227156305208,35.019880440703645,35.593815342245655,3,1
43,62.2313014114925,50.55059735376202,45.09615861663413,39.76326751711598,34.9382160517639,39.10839871228256,38.66908925295295,36.14964782833094,38.179009369830666,38.46926386958458,33.54908026481282,40.25553843204566,3,1
44,62.26389333166708,46.58796897559297,43.105692179617016,39.89000414808385,39.47867549640314,40.56828426271977,39.820573582837476,35.73576435905329,38.64802637146493,35.40238739504308,38.44228542458998,36.127841130430745,3,2
45,61.92240591111048,51.107019779412376,44.07430882681483,41.709626536473124,42.06007722186946,38.4358057839322,42.778478871474874,39.52419679077595,36.0081752253601,35.64806051860896,35.26422719885329,33.02969688087572,3,1
46,61.43922401856221,50.146338444214805,44.190102144858,41.39972706216689,41.597755247864114,41.10144776911801,31.567436899365248,35.743625745851816,36.93236801889606,37.16151110353931,37.81622316754708,29.84999128197966,3,1
47,61.80205004941513,48.142447501343796,46.79021574155951,42.49877102279313,43.21582375512727,41.63926599334529,40.414175608911535,41.79075646785158,37.04635353474167,40.91486070819372,35.43369352158938,27.282994324756586,3,1
48,61.48623100355985,50.642147669058794,45.73604109163405,42.60030635954252,37.779187373135976,38.732485052937925,36.70069111155425,33.53535446307481,36.83681300351009,31.530925191911614,34.1695190102158,37.77688106790125,3,1
49,61.5069200179008,53.17549319036176,43.76951521424166,37.46587229776101,39.602612842001776,42.390342820269126,34.24422073937148,35.80730796851175,32.90413886772275,34.95830599952707,34.71657634506707,30.042678317312106,3,2
50,61.65852098419212,50.520907860680154,45.57461539119336,41.85518709046857,44.49572983331544,37.794552727385096,34.09615067710623,34.07028974793798,29.82148064869527,29.991722094106002,37.00814791838862,27.123376400624704,3,1
51,61.934077120452216,46.161217581935496,44.564938931777775,42.0560126989214,39.62448455906594,37.6754911917407,36.10025927242044,34.508770408986535,37.65815477364744,32.407446995126456,33.07235373886216,31.5039593368757,3,0
52,61.38001165972195,50.97140954268863,46.16405669007947,40.243856788670584,42.9413816787643,37.41186986870427,40.33586888493238,38.30954101209734,35.16240755645985,33.66719125509264,34.62573589106201,34.7996701097194,3,1
53,61.033040117714854,49.09948053538303,42.429983309681596,42.25585471741125,41.26832076598771,40.06559915028666,41.59950889654928,40.43152579676413,37.22436033782376,35.36906317223448,32.28972733860343,36.47316356650103,3,1
54,61.58281496859155,51.37044526800585,43.54203128180164,39.74837655873648,38.41022677820521,38.81968535355957,34.986785910040616,39.17821537828762,37.45829397626237,35.63048329684298,41.710955932011345,27.995744511923714,3,0
55,61.81352552783997,48.4436280917342,42.35164093599626,42.975478864220975,33.81622585074365,31.53888551714156,32.22312312990012,30.706010502223087,36.319244164228856,28.986640444446337,35.68203096780276,37.16324504942816,3,1
56,62.06269957236299,49.13021849726091,47.07165748787766,46.00225139267113,38.70992137364389,34.39158833620578,39.89060939578889,36.89868996659132,37.29812946888451,35.77554495764757,40.61562905417204,36.446330629522585,3,1
57,62.10027692683845,49.410381939676434,43.46019617489438,38.92611128753897,39.61384237453879,37.33959210182002,35.229972817286345,35.195892512774634,35.01160237397243,31.73218579120026,33.834546947028784,36.64226253557198,3,0
58,61.772107124242545,49.75136339404092,45.42472260641894,41.20786588538275,36.98638500193671,39.08586824908658,35.65416947704688,34.22864886607581,35.545794641514334,39.41403626468788,39.127687311204745,31.212615039584346,3,1
59,61.699685840842065,51.1221061148205,43.766458120037996,38.611673054202015,42.07736266002364,40.60287429944516,36.63128911397378,33.97432652768495,33.026209893703225,35.374164393729515,32.147161936164224,33.90476976511127,3,1
60,61.72379540470167,48.62698039298231,47.63198482210309,38.7963943394639,39.44461811300819,37.87370437424839,36.87978602960312,34.91917498126699,33.73058685588638,39.138251771924615,33.106849053928684,36.616388220150334,3,1
61,62.442030882071855,49.407638426427276,43.51387968657208,38.942209712046406,39.687909958715935,36.40822145735309,35.08697000185073,33.797478284317656,31.371071368655823,36.34507962320469,33.46308187291686,32.09737603527728,3,1
62,61.994502776593926,48.96153160894256,38.44598877116938,41.06882328570278,40.95604740063968,34.420266170779705,37.59243422052625,37.95206816254253,36.294259580447914,34.24201280807787,28.87123042393006,33.83595078382033,3,0
63,61.31662285295437,51.39795390244508,44.301566280385444,38.11702764362032,38.51919954574549,32.77567694037821,37.116324735083,37.438118399792124,31.380435779408465,30.933095075118004,38.0607017373179,41.02913518871207,3,1
64,61.47395208171263,49.840622697142045,41.84124805249849,40.86324281595883,38.62362907070586,39.560914734416755,35.037477503195305,40.12314535253811,36.527397495872506,28.77217506737986,29.19924194395796,27.799716889587724,3,1
65,61.573286264692356,49.8299723522699,42.858286042249226,42.30767392181878,35.91802041151035,31.97585950784683,34.48393971410171,34.76293970776628,26.1781023073439,26.56045276144577,35.74074363640585,31.10623958018287,3,1
66,61.529704203514996,48.773462377932916,44.17048575292567,38.79816041742016,41.02113831327834,32.25544349370766,38.53149562994946,34.011262985734604,36.421841614763764,32.56942392349107,33.00758743908712,37.96034131672618,3,0
67,62.49694742548722,48.74582313092584,43.38900015356993,42.62459530575532,34.29898014440728,34.75285481626086,38.0838135682979,40.17580185136809,34.23433017845331,34.85461594938766,33.31714840183358,32.0142859889461,3,2
68,62.38495005906157,48.87402484172602,42.685929222545944,40.742501275079356,36.88066055287445,39.33897463717306,40.026136026775845,30.21779408385809,31.138456097547035,37.34087231083025,34.1813234918746,37.98234264026931,3,2
69,63.03148091783099,47.8779970700034,46.91567311161911,42.79683441839724,41.9519729044417,41.399866946341945,36.30581431603809,39.39130877415916,38.34286445189959,40.43181827796356,34.48551447335861,34.66774357492775,3,0
70,61.897782743472355,51.32388240529541,44.329770404538934,38.02767529137126,42.83778416619169,37.968663506234265,35.82841678069216,41.50849018987158,38.9707791430395,33.37311226775718,29.97952451605314,31.31371788157659,3,1
71,61.243653163557454,49.81837481090858,43.8656696532907,40.96629617353309,34.8214997030381,41.875851638161095,36.29380286370163,36.66130616043535,32.76997136907238,29.37538033319252,34.907380189413146,33.74207212069306,3,1
72,62.40033061334394,50.17422627655871,47.793451752269135,42.09871014211898,37.545610531089764,34.62299086018269,36.44566229529667,36.78656535166613,31.70107935468453,27.245463238593295,31.124150994184376,21.236799603338508,3,2
73,62.090226598251654,50.44654638751422,43.70698939173612,41.868098107166915,35.80758515242634,42.21922562015378,40.47725015215265,36.58225168627637,36.326859891592036,30.24211660819074,35.320427032670764,27.119497633324315,3,2
74,62.45450153162535,49.97357657882182,41.9479840519587,41.993461573400744,42.96964432197091,34.732881221720625,33.060579296433616,35.04329876917603,36.47596391026702,35.57615256885629,33.28601190701791,31.370847898805028,3,1
75,61.79597904506847,51.11669299759106,44.35345027996584,32.17886448507826,36.147895324011344,37.2890663519446,38.554345521398936,35.09543461536854,39.61688790276517,34.57308254390427,29.5994272757194,31.436313914826986,3,0
76,62.08346757909641,49.47298386709065,42.34572294622447,42.186912009852335,38.64209524829596,34.62602844717492,41.89475059437963,27.784152366767895,33.73569432747684,34.17188635634605,34.9032107777475,31.428130908472582,3,2
77,62.310052679697684,50.54661671931332,43.26660922881205,42.80841487522294,39.37288565486432,35.07578521123894,35.82848545594932,34.93739729736717,33.41233364471059,31.433551108247368,30.631419026422005,33.09453934697891,3,1
78,61.03845482929701,52.98616259370113,40.23668566201655,39.9590318287105,40.470066883001145,35.20535489633983,31.35940200283683,33.05386634074516,35.05352690788017,40.24501402081395,33.149206430940644,38.48200377057917,3,0
79,61.87455580130638,50.77555455950125,45.533524191328844,40.35103679723575,38.08252528189159,35.854251497127066,36.94714882404498,35.915720785949176,38.44442480090424,35.36188034543003,39.422330513708225,36.108929945215046,3,0
80,62.22281257111008,51.167545188379236,41.603627508624115,41.77825190275011,43.05064130887017,35.29467727205633,38.53231671683257,32.62872505197745,31.01591827394841,35.3901595796261,37.490175751423855,31.955495996082153,3,0
81,61.86379809196159,50.49161179765626,45.961324868468765,42.557742508810136,44.057682725540786,38.08294949386477,34.71064047191635,33.117984946440586,37.02046841808158,40.22712012550476,33.08003804183201,35.919722949756384,3,1
82,61.58053625339316,50.74197933997482,45.19677891177282,41.61746100666872,41.43140991451459,35.764575978540776,34.20753876112133,39.02656039600795,34.74607666850598,36.6359180248499,37.46019424455845,28.279631484772736,3,2
83,62.115635062145074,48.807320293443354,42.392769307511486,38.605107479225865,37.81418077370245,45.53417924990698,30.881490347490185,37.8647452506073,34.03478475220603,31.215478735669443,31.81637890532251,30.514083667962492,3,1
84,62.091967167927564,50.272165909778735,42.38671737583357,37.79440557071892,38.59195009307915,33.358342498096704,37.94756410188472,39.428355924029596,36.248049485964685,31.15884711518514,31.0938156102953,29.012631770601406,3,1
85,62.4434868872667,49.90588289193407,45.133957014801226,39.54364234461451,40.411185520075435,36.04189936789762,34.393189906068166,30.58068506120052,33.421196246076796,37.54511879047749,41.50725955661214,41.248149244691184,3,0
86,61.880864578633734,49.89688990039133,42.98630413475263,38.29620802145442,36.70465975756968,39.629371091806846,34.9657462799155,34.77956173384493,34.623815548548706,33.301540140511534,32.958831927714925,33.55900831917321,3,2
87,62.234101908039264,50.467602666082556,45.12062934436924,40.481663920275984,36.85393247644795,35.270314432326145,34.935581720985965,31.226562339013103,40.42529212971547,39.32639681577218,38.45037961143966,34.97546148646528,3,2
88,62.01630006972148,49.068897613414364,43.75811993559487,37.397045984990974,34.9217985691102,38.189166042829775,37.676935441501655,31.635144110075423,30.900064065339073,38.931618666755135,37.71640674072649,36.5274806096595,3,2
89,62.54615221810939,51.005227222217144,44.208139835988945,43.20388310062445,37.780021653634705,42.95506757489187,35.61538589077297,36.631190125816076,37.38768538332531,36.75554982600485,36.21374600658465,33.238219296009525,3,0
90,61.51664122381143,49.98764119608522,43.50902648115752,40.013841578736624,37.9726490178636,32.19094045066315,33.88007627258242,35.6898925130285,34.007350135531304,32.85877179064511,37.29200174958729,34.426845775528484,3,1
91,61.92106051562647,50.857077726168576,44.43503646792082,41.61109347771099,37.70893234825815,35.8072289934867,38.46600856716468,33.43551635013881,30.305649152414894,35.1285982880203,35.68046049421296,30.935003956344076,3,2
92,61.82295008637051,51.00113099911772,41.92082564259148,41.140487606939764,34.46936102056157,38.99478537085786,31.871438293985506,40.94548923489213,38.59539331819255,36.58980138149566,34.794849514034084,32.76193120246115,3,0
93,62.11490892728753,49.56988683399066,43.66035668543488,37.68603165309973,39.427159414017964,34.56817752541323,31.68276256902155,29.557457505618412,33.9496948320606,31.624268895674476,35.75605287440381,38.841948429161725,3,0
94,62.28945323966746,50.62355095911905,44.379699702336545,39.25549539041816,38.316626496864565,37.91039653053374,37.33747492105063,38.22401728271582,37.777642327848156,31.835032169938223,38.236448633667905,35.16122909850102,3,0
95,62.5909482057332,50.25606609124622,45.70569623392947,39.6854508121431,36.956414892141666,38.58743034127671,33.42492850234569,32.99288418212444,38.46299458356966,33.123170842373504,36.67415586830368,34.87269723456896,3,2
96,62.30813348549142,50.4949031571719,43.40866048780023,40.12025005283621,35.44968317647408,37.814711533831016,39.13948699222656,30.85924381908332,35.77648911427693,32.051421858648965,33.503089895141656,29.57955162959516,3,0
97,62.18630208283011,49.96644183775825,44.61412403162633,41.61404449771856,39.17354227683575,34.50666950554876,31.383518676314694,34.51294776251225,35.789827268577724,35.10570583545211,33.675551887090236,32.37202154641212,3,1
98,62.31438945662395,50.23210788246126,42.66170136786799,38.33254643622943,34.911552387892016,35.106777396069994,36.748151347492126,29.904358421195937,27.937851434440354,37.95637223331218,30.458850661220616,37.54739290714306,3,2
99,60.51009520854485,54.936982076149405,52.727038619561554,46.408842473282206,47.96277438271326,47.371219186089284,40.14707652037,38.870165270155844,37.7973987870772,36.75847292271708,38.39213215927223,39.78797950894572,3,1
0,51.30334107723151,47.21601202210449,44.87450797589606,45.02754903556027,41.2958788805455,41.792542418101604,48.01704308680612,39.864771591626415,42.697939718927586,45.56080899940431,38.554040114106904,43.85365576682477,4,0
1,51.853029586392765,50.706661914102725,43.28283652687833,44.99049370637674,40.80702981035929,40.118097838092815,42.8551980040775,43.605165794615914,35.302340036833726,41.45560081612307,41.673197589519695,47.88833988693679,4,1
2,50.01655861027137,47.34428489316794,40.178393788754285,42.41017055536031,42.14622408052985,41.26802019948883,41.29436404404214,40.55676269500398,38.522126066424676,38.63022030084714,41.432869372211115,43.52410475281136,4,2
3,48.56650550213102,49.8984428229523,41.825578296944656,44.517006541949456,43.882954983156665,42.93413930123784,43.7582001770488,41.63047884182009,38.6400210995296,37.141815864308676,43.14236101895229,42.55294569447719,4,0
4,51.076736600554,43.332795135725235,42.24130198240914,41.90619796638128,42.098924681932395,42.545330413243235,44.15387735143534,40.66452748857405,40.032570538542686,38.12537237013324,37.688715552182465,35.56326691413619,4,1
5,52.31622808175498,50.89405135385309,48.28575963077491,45.481294435998954,41.92752392865678,44.5181573890562,45.80754570300061,45.30177494329813,37.80741652442504,42.81555152044598,46.543233946433396,41.2778647712747,4,2
6,52.730140899501826,45.39598727380124,40.33566236376302,45.27454640322973,34.928121262768336,43.127352316744975,39.862013078875854,36.0927235595311,37.69300938755883,36.6986084701974,38.6492046901417,38.610766639576255,4,2
7,43.7798890130437,44.400204810636055,45.835996384158705,39.522453983746814,40.22631519827366,41.44195156652303,39.1136397293763,47.694244958978665,41.0402531512209,38.01494545081381,37.55972851616099,40.231474389813904,4,0
8,48.07542870358064,40.50375126812193,45.701089248922656,39.1572215734171,41.034954684623884,41.48036263338065,41.90436679353399,44.846706602051434,43.56513503964214,40.98985507458108,41.921984047224626,39.555942397716784,4,1
9,46.854763844680505,49.75313614261988,39.34209791953111,41.72548061426069,44.19787037366456,41.16579736565429,31.157061390252533,39.04132491710514,36.96957727370074,42.895285663033974,35.821249680114484,36.691299419150376,4,2
10,49.2432175985157,46.70068620374239,47.650953877909885,47.711312766746005,43.09185199171318,41.256782596801855,38.41659622108676,42.3439818029077,42.17418739692626,43.709625968012276,35.57487165500185,39.1873212141605,4,2
11,50.569729492669666,43.97640818894017,48.86935533600775,45.22604153831453,41.50493202841078,42.11548616075899,39.17790602875192,38.27321517947509,38.12316263200498,39.23758459623145,42.18138792638735,41.09704590184516,4,0
12,45.99318854923231,46.99966018651726,43.49381368293384,43.773549746404555,28.767446912788433,41.52179624664733,44.88766072594759,40.50422603551384,41.683795061422146,43.17499859705126,41.428508932962,45.28039926876206,4,2
13,42.866542501529835,39.19945524082126,37.54297704821741,39.34917682074882,40.89888837913151,39.66953871609214,36.91738974539234,44.497465523631064,44.43429974736954,41.39243600536338,41.21320352468119,40.19586717517634,4,0
14,51.10533085068758,44.76506403839599,44.3565161339415,37.88748811716295,45.83333397134426,44.001712127578855,41.62702462391197,41.08523130029269,46.84262428698894,39.22588915986341,36.26003842245753,41.92268327681707,4,1
15,47.79570048518512,43.1600261181785,42.0628496887003,44.25207119970753,43.500833494461844,42.66687580330396,44.08218157566436,41.73744877830214,42.10728385256464,38.87948892243388,40.6104697756609,38.35686139966473,4,1
16,41.31390972859966,45.602783687688444,46.84975996615843,41.7895333582195,39.2036565637259,43.28427233384342,46.43141078709535,39.61200272044456,42.78732728028136,43.21671219127434,40.85386028005557,44.338521040385494,4,2
17,48.390840061138675,39.38912405554295,44.3618626027466,45.84333404260455,37.15158959150489,40.00997151731989,38.147049486910674,43.021681751226,41.58837667700199,43.420148885057515,41.71875842413387,40.492870388177785,4,2
18,53.427846081130454,46.2225171268831,47.52704371172241,46.190030407859965,42.021360454257916,40.54022485265458,37.76836458334767,41.13649610062347,39.92739155436381,42.996387203735765,39.39048220098536,43.937703875525564,4,2
19,49.09689856929482,39.35492842149109,47.934669177427324,42.71019879326179,42.59433397143647,42.10714822299642,37.10908875803027,42.640052690101,40.000087779834686,44.15014353699131,36.62479690127993,42.63980881676974,4,2
20,48.069999179721826,50.26000661341791,43.68375771362232,43.309250070293885,41.98911633623549,42.87391615719915,36.11388070967452,40.37377058719101,41.06381001054987,44.38888533849247,42.7448671747584,41.82955021688236,4,0
21,53.96336717643135,40.080339581945765,40.974546452357906,41.429787250070824,48.11700697852292,43.13599960577673,43.222392618635396,36.760733841202175,39.89868129704159,37.214976407743606,41.91141221667132,42.31291931456166,4,2
22,53.483216603956684,41.67650843451105,41.884306922867225,43.235786775115784,42.71250441713765,42.297660279032925,44.00101434486633,39.757713613356884,43.62088189519712,38.180833102752,41.99998390841444,44.68868323436194,4,1
23,47.35443880751924,43.17723489870928,44.432924944160646,40.35302498313605,42.1695602832507,41.57358929691849,46.060444911070476,38.112971983280715,41.95539510700466,40.44901276628855,43.66306661696568,39.40870920586975,4,0
24,46.922199966965735,45.334433345401806,45.75679283528335,42.38956076772999,41.35624445503721,44.42259255041145,40.9841633998115,39.12471477437914,39.5601604942488,41.42024731940069,41.5546027686045,37.35985745203222,4,0
25,52.41435878975101,48.37195615503259,44.31368427191377,49.90892970359315,44.15288728799338,41.939750769081144,44.63758007964121,38.57457709964332,40.45467896726804,44.269851330428295,38.63866026742326,41.473238838519016,4,1
26,64.46510773827227,64.72639516506067,64.92841230555149,65.7505966773276,65.85703008921449,66.12168744147596,66.95121162494301,67.49039188981408,68.57649577674253,69.71432640182495,71.80566319413195,73.88754834465585,4,2
27,52.42529415215774,46.600142620116046,45.546159242278016,44.33903730597457,43.083948667764915,36.39595963350083,38.97520718549379,38.60990817169552,40.583280828383394,41.84577389426694,44.139013380149066,41.44114255001362,4,1
28,48.7806271828775,42.80541694020074,42.591913836128285,43.82277573321962,36.00352458394553,39.89260559688057,43.1219810896571,37.15621170544945,40.443629920812185,42.66065783299027,40.40730549447312,40.88497402511076,4,0
29,46.896964818155375,42.366559992311934,44.43189498639451,47.45840306213219,39.58163286907819,44.993700908899264,40.77124651969699,43.37645709213271,35.40002606981023,39.41086687935422,37.36867918056818,43.28031953700531,4,1
30,50.91147791825407,44.47963470057776,46.207384595033595,44.99490898732996,38.54975109474165,41.985320557238595,41.0482815514859,44.12917968719198,39.5684165193434,41.665440869101104,41.18598116131343,43.3811977175769,4,0
31,47.3663421351056,42.87480620097108,43.2537251734857,41.191890112377735,40.78865373480075,41.930290970020614,39.75213753983605,40.6962635482984,41.34189873297355,42.72778945922134,43.80587177193779,43.83322353624995,4,0
32,51.60527013263541,36.12235534143906,40.83153830353925,42.00328467969063,48.381527524765154,40.139004461059024,42.73384084546416,40.90588303954235,39.89555077116967,42.58946706266473,44.246090933549965,42.91841729027627,4,0
33,51.036920602885615,49.510512550391624,50.87552322508207,45.45738861128271,45.66486884342162,41.531512081103656,37.43679534312314,45.031498308323805,37.92635151164401,41.21416418014562,44.10753523671694,44.421077198472396,4,1
34,51.83677714917111,46.93476626261959,43.3534361378255,43.47272921501564,41.83728415366813,39.64204560644228,43.16693901556775,39.274840488951625,39.02030032185483,40.431225726139715,45.71300588182625,43.57960426538247,4,1
35,48.38699970850847,48.43007276157354,47.48723996168579,41.712121133226496,42.1280208186522,41.684975648901286,40.30969586580356,44.813443165240486,40.310665709728895,41.28910989871742,43.104596638193904,42.38461983326001,4,1
36,48.43348097334083,44.913369545139645,40.07222872278214,40.42155099836003,43.318742325939986,45.05366087334491,42.98177956703423,42.185348765751904,37.030805141566645,43.92615495959191,43.45805476377915,45.69746828671728,4,1
37,53.83090690052491,41.579302979288606,45.81213301888715,42.870618010437546,46.35956912058509,35.98621292819321,40.16442432219763,39.89744061314155,43.268105529464975,42.05707545606179,44.069792282804556,47.38328385644877,4,1
38,50.13113844732856,51.57023439171056,48.3671053505216,45.635230060323515,46.0860483941658,41.597529901531885,43.717737932694334,39.80871973738775,42.541239541692434,40.42460523019074,40.241214053865576,43.84874752299627,4,0
39,45.4690783298869,49.884960827535174,44.436693475344036,46.926851817258864,39.05118361695229,37.22391118321731,43.66557607715961,39.137886516194676,40.86664160719586,42.57958730198931,40.82797721007734,40.890758353835196,4,1
40,51.76899614342776,49.46084817678111,45.473540492718016,43.2842053573847,42.92770275301466,37.74878804346363,40.30314530521306,40.462615500148026,41.72505074169051,48.792014819829824,41.83236093924644,43.16254201696403,4,2
41,54.37664528928939,48.427264739862956,42.33569926865205,44.72883442857993,42.75854936211236,42.89024992391498,42.02157408547521,41.06973311630015,41.611057271809045,43.46870859908023,43.97182741931609,45.03629361275123,4,1
42,54.286345046887504,41.58950992595916,40.75294194687585,43.836649366044895,46.28829777689906,38.056320079617535,41.565656983786454,36.41885802790187,41.04116447557392,40.724313223496885,40.82763179830063,44.014223207922235,4,1
43,54.87113165251607,44.689076840004915,41.68547393515453,40.61788472575228,37.874038512664754,40.903738908434086,46.41941031106691,43.47593886230318,38.70502891148761,30.49515239209534,42.2482970711776,43.45643797560126,4,0
44,52.91084236921053,46.049990551048154,38.48408267555689,45.03816608704146,40.19593356650817,38.18808497229824,37.18802829693624,38.59203288809847,39.310319721114105,41.61878829492389,38.10022840747096,37.80108808368845,4,0
45,53.551081821611156,49.554420999273574,38.9503736053702,40.7924133302065,42.43340851056552,43.33362789402177,35.77273695428523,40.3898163917323,43.26451358283147,37.78481293858937,43.66154586028012,40.305797149878096,4,0
46,54.882382008776055,47.346144110480985,46.6067753988231,42.59908543911203,46.68627877559335,40.95319424168814,42.596192604249794,43.7243423037658,41.91637819870644,41.54857792048661,40.10251462602013,38.38861011613744,4,1
47,56.85653025329033,44.25553185348292,45.44198006085541,40.28605067531558,41.23546135692888,36.791234549000194,42.73854101453887,48.389002363664055,41.834949169818806,38.80763927451594,41.14426880046878,42.50349318376205,4,2
48,51.57501496597248,45.80931267859742,47.50555085099853,39.434959394401176,33.98410599568407,37.176119165384236,40.8110836726711,37.91656191530896,42.920316199734096,44.48547049228834,39.637576213118315,40.79355400270267,4,0
49,53.713145121811415,48.41400783389368,41.23459966721279,39.89650960632237,46.03319857421973,39.87769568604855,44.805403237263505,41.45184589030283,43.22397525471942,36.04600862907266,42.73487406757644,41.04951846666751,4,1
50,54.32399753702179,45.76096978804951,41.81732516920901,33.832956914899285,39.746850277345104,40.143238192977535,43.02887924211899,36.826039624583316,39.041445076536384,44.39164774786581,43.43582833768469,44.63052282172259,4,1
51,56.93134877514211,47.24308588262584,43.20934518766046,47.09896863972152,44.21542725845743,36.95382423132843,38.38366199937893,38.89286277591401,41.34215451800242,42.73309840742774,39.91424501834295,42.51401609605546,4,2
52,51.950368525023045,41.05623511175256,42.1897384468315,40.025848346532726,45.361824487820144,44.76674117189634,42.0262773382741,42.44795740638126,40.619102733940025,42.40712143106283,40.79185247318556,42.13659891525472,4,0
53,56.78995201087515,45.91653877929968,46.92634558750485,47.29918112574084,50.30004557151007,39.6476982431239,39.20722267614347,41.19141196054553,39.16223296359738,40.013994344139036,38.77983476690285,44.35421560095427,4,2
54,56.647120547857654,46.442874555287375,42.509936857573685,45.32608234441051,46.62160441077306,40.621583445614846,44.13513829415035,43.086816296711405,42.33178725987303,40.63284997814171,43.67942144713397,43.846119069267196,4,2
55,56.501817317643464,50.649999351150086,44.18992241800427,45.18719152037892,45.02597167832222,39.907701620807,40.1443805200241,39.264107316047934,40.947158583200036,39.5676601321059,41.651000342424936,42.971939633649704,4,0
56,53.16888850130881,45.823700110531334,42.69504853768306,42.962104526723465,42.60292514782306,43.325016085328635,44.52197353613713,33.543646709942344,37.38660686462888,43.21661241478901,40.82474586005026,42.89954639475288,4,0
57,53.92816949207357,54.62604365147479,57.631230429184654,55.689699147512734,50.395348803251856,49.668638863907276,54.43536411767843,61.11856660032672,65.3412308435958,66.92808182934779,68.26091538186299,69.51296112454611,4,1
58,54.67300917623663,49.33586008181351,46.47594334045839,45.29758696273947,48.71356178283903,40.898848624918465,39.6104349803646,36.99222411922313,42.16617376597739,43.40217581979073,41.846177089302614,43.37711594837776,4,1
59,53.66247543986794,44.000501872396896,39.6989647561075,38.21569934353951,42.26375562743601,35.56726920629532,40.4800002134842,38.69524078545277,38.64107760877763,39.607343223981886,41.45736791945415,44.95672524669171,4,0
60,52.13460275378628,43.10903879749601,40.88003144944088,45.38177711952716,44.11754169421862,43.95266147291552,40.83418118480034,46.33639050703307,45.579773632284315,44.65204012920618,46.75865862294494,47.82276662828409,4,2
61,54.78913369040853,47.115432056418115,42.92211881651046,42.819155552139236,46.62864416806773,44.5034839773093,41.49831829608481,41.57532812291101,44.194619216814544,45.553876734466606,45.721165783307754,46.31956049179015,4,0
62,51.660426670380296,44.65952790974526,44.28719156804806,46.304694382932375,45.057909091907554,42.43326695827278,41.14985413130248,42.5963562592129,40.29073973479423,43.795799373028885,46.43828898950852,45.904638873040405,4,1
63,53.11090214521176,47.921949043949965,45.62864793203307,41.555000087412125,42.85727455624294,43.6596364212035,38.85147777230849,45.059064047103526,42.35615311511661,37.74094147963522,43.25137818543586,47.15383972184686,4,2
64,55.83560112112232,47.979857491993094,38.41859799410226,47.69620000821698,39.570192900809026,37.96654360806844,40.75654859044863,41.58383496814164,42.55101436241696,38.64544310851288,44.04618283307652,44.104876562328066,4,1
65,51.96443338396483,43.73017525653527,42.7949370325189,48.66531137060337,42.48895018252866,38.36475276855577,41.52285794726987,37.855925733015205,36.66160806600678,43.660563575424376,40.60096363112328,44.94530076742365,4,2
66,56.95398892452118,47.7766697922656,46.63252242739591,46.06214390009004,42.12790625777967,39.02717780968446,41.88637321950251,38.60782743366711,42.304452689032665,38.479741647234675,43.69648536850178,45.02478156188014,4,1
67,53.07703515110376,49.72418468142581,44.54670802015245,38.06099478855758,41.65040754825218,39.03610440663998,43.222306113851296,42.33627009673869,43.657673617689795,42.26362361853357,41.9881263495941,44.78603262705928,4,1
68,55.39826566237631,48.54904223826908,40.28694852739892,43.21580974949891,37.623110057367214,41.78504174503052,39.05261582001012,44.71057909808606,40.76288252664657,38.35194027182872,41.67211045103783,43.74885014574568,4,0
69,57.84658899033443,45.39288957709572,46.39292111418589,43.989407064816646,42.90314974049619,44.990440261335934,39.90324914880571,43.34730530131209,40.27398767593005,44.435294272208054,42.66567875085132,45.74918752669785,4,2
70,54.656580246933515,45.2785802537541,41.27511844892719,43.30339799787809,45.77513389637655,40.5127685468313,41.306122063782595,41.662493648316854,39.65061233535057,41.3721252187623,43.047549879422725,45.82068115252832,4,1
71,56.77310208891522,48.192501116374835,48.71890905256124,45.044615202586,40.34677007037528,35.07543941292231,41.58581948139128,36.45482628656187,39.62587383619821,38.450187331269404,40.905199870284875,40.6506863111001,4,1
72,54.89097612898894,44.82424048694492,44.01001140567334,45.51079315432451,44.19384918091072,37.6487228939042,42.459079964002775,38.963661014935504,39.306303793824576,43.23101026862798,38.863366249218245,39.75973862356233,4,0
73,57.67331596563447,39.80119355941968,45.27544488992919,40.4921923007234,37.08879584620943,39.187771455654406,39.116061486754816,39.72897967114229,39.48418105974854,41.034444761357655,39.383194829809725,41.30797523499845,4,0
74,54.08367534192297,45.780557027217725,42.033489576960946,44.670493215596366,41.497591289311764,37.11831103584728,42.712645617882636,45.56904335604308,39.418864834253846,38.400381391569795,37.665562494161115,43.329104238542755,4,2
75,59.683157579874425,48.69989631091995,45.45480841716089,44.407103626618465,38.450756485773994,37.2676675893089,41.606796427115874,42.37157307338641,39.099950213065995,41.284222222746266,37.55714712724722,40.54756129091948,4,1
76,55.348515979784395,49.048000016673896,42.15706531741715,42.08674677649309,42.51210135616796,46.29779549901549,42.36654678301461,42.053364218703415,45.83847714775361,42.74293689121504,40.46556434174135,45.141529746145864,4,0
77,54.219582197545975,47.82044503893776,45.49296363424921,48.716742054138656,43.89636134182421,36.78760813350538,40.49366597240725,40.096070568780746,36.03320954376869,42.747536891959975,41.88186969958025,45.43891141303263,4,1
78,56.413243755467334,49.86661742398235,47.92788601957832,44.125009196694606,42.89470245383392,43.75846161497681,40.55281557782047,41.85201093843091,40.55425043340715,39.108401105897826,42.64129654014485,42.62793268515463,4,1
79,56.93628200538226,49.82219385100582,48.582020858339945,36.74531215242958,44.011943600870744,42.22024523216305,40.46171659528567,43.2584221514022,39.10113139533485,41.07749326482725,40.92329614473512,43.50239194822723,4,1
80,56.155803201968375,47.03448787652674,44.85528566336154,35.218411837065666,39.01717758226974,39.69798963879636,41.68190442025676,44.664422512880876,39.6581378771134,40.04941028469278,42.7278618894116,44.29308704726864,4,0
81,57.973641828030516,47.27567365803976,44.991704568943085,45.070959087629795,39.18112480232354,45.292539355966625,39.23257913014632,34.84263004325382,42.276584018312775,39.29205388343559,40.20777704215691,42.61708222422982,4,0
82,57.32091070267991,48.92788071242519,45.248980389234106,45.91653789838486,42.47217346658701,38.349552139746436,42.47891129087199,47.24855406620602,45.7786961427432,40.97524859014119,40.15141870087851,43.33156352836355,4,1
83,56.98693322170675,53.21224258558769,42.38829948365821,42.812670478962445,42.48011094916966,37.473855547707686,37.88168761252297,44.10794073494392,43.25798170865013,42.792425464434125,42.97280040888625,43.314836830506216,4,1
84,56.46641213249383,53.36978886289892,45.808748057341305,47.366423845304304,42.51563833366378,39.625389020731504,35.532532300953,38.758866758313616,37.14861316517781,41.82012457790027,41.51102958530836,41.990806152403586,4,0
85,59.30613627062998,52.12394886533461,40.693293435241706,47.09168932149635,39.1278783840968,44.114630831167304,39.26554078931246,41.79270086754235,38.60422168379309,41.56286165222492,43.324078531065354,43.22863744790313,4,1
86,57.092469694393465,46.371021964446,41.7334639600513,38.45981241430046,41.713893488359034,43.74661680607181,43.92438871812868,37.84666210885111,39.002183326318395,40.039001729764024,37.80675983648079,41.57465335137106,4,2
87,58.60407373915079,48.92615728528132,46.414901243101184,34.964989219507004,36.48076298102064,39.1851458574382,39.35272548095329,39.82728402796516,42.96715928923381,37.51852226056573,41.023443425271,35.756845190297724,4,2
88,55.686937327947206,46.50633976865654,42.2627377102925,42.41227486811264,47.15884125194447,43.03504808191205,40.70275393220098,39.93441621623512,38.20507936114984,43.61432428732988,38.3183109002253,43.039614946837936,4,1
89,58.2832419645848,48.678360039533864,42.25949315474811,41.13103767966046,42.77763699973286,42.37306173504224,38.39564082343543,43.15922912195564,43.67226187928573,36.230739206815244,41.26230631265232,44.45486465595917,4,0
90,55.900043332643776,45.95448123060099,42.02565003300998,43.069935994667404,38.99418583892368,41.53215342778931,38.93793600897476,38.010445493979,42.02157004675568,39.998222103801574,39.53549732340912,44.806888604512004,4,2
91,58.538660185854326,46.75969865845555,48.432589022569786,45.00477622384224,44.951019685419986,43.534924839432456,41.04235763727601,35.284344904652734,42.69412183016616,41.07471332002947,41.52372854270088,47.496564936934895,4,0
92,60.145184033413706,47.29901199398119,41.52795218769269,41.80402195416026,42.65620785446201,42.11318044253948,40.01246729776391,42.32400243327062,38.705809466679376,39.818381798524086,41.57677969628159,42.698851815963,4,1
93,54.398126208384255,49.90913815583105,35.328513379494446,41.95880599043491,46.27734428484365,40.93073098764217,41.592289628545856,37.824082869655776,40.28305403690832,34.62470331080357,43.44324840129241,41.39276488341895,4,0
94,55.86461277842484,47.62332463086338,44.721477739536255,38.91555201738727,38.702089249330506,44.960320386354006,37.43239924079782,41.666951238423636,39.31375172973415,39.786943488209666,37.74026408459972,39.14996329084233,4,0
95,58.152294379030906,47.94114799915305,42.34158823192572,44.8416788157416,43.30793780739838,42.279228091827946,39.1232929472215,42.426979697339696,39.96856255683386,40.782684670003604,44.16925644734233,41.811955158410925,4,2
96,58.04198906167079,44.64857387248993,36.42870681010588,38.6382391371268,36.88386784785911,41.721634158956206,31.60953847718826,40.933157201352415,44.799438706885745,42.83653900696074,40.98105395511624,40.22797064586284,4,1
97,59.86906458421102,49.99897093590875,42.58148458542928,37.108030763777265,45.6482760328892,37.185776016430665,39.724182279843106,39.45758327564239,38.46008405573885,40.196951064809966,39.23443712845493,40.81604928442987,4,2
98,58.9883754125187,45.54176260656362,49.08978589900001,40.8286820174066,38.510188752253015,43.949893257474756,42.41530657771549,37.80379423746592,44.7878956492333,40.818985593732734,38.178231715130224,37.889154433460256,4,2
99,58.28683006476714,47.59212773230769,40.40184789773297,39.96561618759817,41.26288099843341,42.33283668763734,34.918166903069576,37.88984544614856,33.520713390427574,34.964365033074614,40.397145510842165,34.0625473100805,4,1